{
  "run_id": "2718bddd04ad48c4808a3487031358a5",
  "experiment": "schrodinger_grid_search",
  "timestamp": "2025-11-09T14:50:49.941270",
  "parameters": {
    "epochs": 1000,
    "learning_rate": 0.0001,
    "batch_size": 512,
    "hidden_layers": 5,
    "hidden_neurons": 100,
    "activation": "tanh",
    "weight_initial": 1,
    "weight_boundary": 1,
    "weight_residual": 20,
    "seed": 42
  },
  "final_metrics": {
    "train_loss": 0.09705385137349368,
    "train_l2_error": 1.231119155883789,
    "eval_l2_error": 1.2059379816055298
  }
}