{
  "layer_1": 0.9860000014305115,
  "layer_2": 0.9857999682426453,
  "layer_3": 0.9853999614715576,
  "layer_4": 0.9851999878883362,
  "layer_5": 0.9863999485969543
}