{
  "layer_1": 0.9723999500274658,
  "layer_2": 0.9745999574661255,
  "layer_3": 0.9827999472618103,
  "layer_4": 0.9825999736785889,
  "layer_5": 0.7504000067710876
}