{
  "layer_1": 0.9307999610900879,
  "layer_2": 0.7283999919891357,
  "layer_3": 0.5399999618530273,
  "layer_4": 0.17080000042915344,
  "layer_5": 0.15600000321865082
}