{
  "layer_1": 0.9900999665260315,
  "layer_2": 0.988599956035614,
  "layer_3": 0.9851499795913696,
  "layer_4": 0.8675000071525574,
  "layer_5": 0.6717000007629395
}