{
  "layer_1": 0.9703999757766724,
  "layer_2": 0.9651999473571777,
  "layer_3": 0.9625999927520752,
  "layer_4": 0.5663999915122986,
  "layer_5": 0.5730000138282776
}