{
  "run_id": "4f412f5641834f6883e9e680b0ac7110",
  "experiment": "schrodinger_grid_search",
  "timestamp": "2025-10-29T16:48:50.688198",
  "parameters": {
    "epochs": 500,
    "learning_rate": 1e-06,
    "batch_size": 1024,
    "hidden_layers": 5,
    "hidden_neurons": 100,
    "activation": "tanh",
    "weight_initial": 1,
    "weight_boundary": 1,
    "weight_residual": 1,
    "seed": 42
  },
  "final_metrics": {
    "train_loss": 0.30789689123630526,
    "train_l2_error": 1.022782564163208,
    "eval_l2_error": 1.0294042825698853
  }
}