{
  "run_id": "53b9acc49e774c7482a7290aae37a5db",
  "experiment": "schrodinger_grid_search",
  "timestamp": "2025-10-29T21:19:38.018422",
  "parameters": {
    "epochs": 500,
    "learning_rate": 1e-05,
    "batch_size": 1024,
    "hidden_layers": 5,
    "hidden_neurons": 100,
    "activation": "tanh",
    "weight_initial": 5,
    "weight_boundary": 1,
    "weight_residual": 5,
    "seed": 42
  },
  "final_metrics": {
    "train_loss": 0.35660600662231445,
    "train_l2_error": 1.0431582927703857,
    "eval_l2_error": 1.060888648033142
  }
}