{
  "run_id": "ef03337ed8d84013a5393709f3c99fb4",
  "experiment": "schrodinger_grid_search",
  "timestamp": "2025-11-08T23:07:34.881541",
  "parameters": {
    "epochs": 1000,
    "learning_rate": 0.0001,
    "batch_size": 512,
    "hidden_layers": 5,
    "hidden_neurons": 100,
    "activation": "tanh",
    "weight_initial": 1,
    "weight_boundary": 1,
    "weight_residual": 100,
    "seed": 42
  },
  "final_metrics": {
    "train_loss": 0.16106704548001288,
    "train_l2_error": 1.1144839525222778,
    "eval_l2_error": 1.1379822492599487
  }
}