{
  "relative_l2_error": 0.11971665169464774,
  "max_abs_error": 0.524601336927184,
  "mean_abs_error": 0.0761859939978641,
  "std_abs_error": 0.075235059050891,
  "max_relative_error": 2.744549176885228,
  "mean_relative_error": 0.27056932593564686,
  "max_error_time": 1.5708,
  "pred_norm": 140.43301014161082,
  "true_norm": 143.1018502945854,
  "optimal_phase_rad": -0.1286046998957683,
  "time_load_model": 0.11619877815246582,
  "time_solver": 0.0073566436767578125,
  "time_predict_grid": 0.16772818565368652,
  "time_compute_metrics": 0.0028562545776367188,
  "time/plots": 3.8548789024353027
}