{
  "run_id": "d5877a6b7c264a2ca73b3650f3b89c1b",
  "experiment": "schrodinger_grid_search",
  "timestamp": "2025-10-29T19:19:58.634246",
  "parameters": {
    "epochs": 500,
    "learning_rate": 1e-06,
    "batch_size": 512,
    "hidden_layers": 5,
    "hidden_neurons": 100,
    "activation": "tanh",
    "weight_initial": 1,
    "weight_boundary": 1,
    "weight_residual": 5,
    "seed": 42
  },
  "final_metrics": {
    "train_loss": 0.24412972703576089,
    "train_l2_error": 0.9967286586761475,
    "eval_l2_error": 1.0077509880065918
  }
}