{
  "relative_l2_error": 0.3530939544303774,
  "max_abs_error": 1.40752984521414,
  "mean_abs_error": 0.19817970761194317,
  "std_abs_error": 0.24587804989152062,
  "max_relative_error": 8.456244183638649,
  "mean_relative_error": 0.331191644784041,
  "max_error_time": 1.5708,
  "pred_norm": 135.5147314361478,
  "true_norm": 143.10185029458557,
  "optimal_phase_rad": -0.3880584079377853
}