{
  "relative_l2_error": 0.5376687611413693,
  "max_abs_error": 1.9474979723963701,
  "mean_abs_error": 0.324055676587432,
  "std_abs_error": 0.3552985601083252,
  "max_relative_error": 12.656572850101684,
  "mean_relative_error": 0.7767062368603177,
  "max_error_time": 0.0,
  "pred_norm": 130.64923591976805,
  "true_norm": 143.1018502945854,
  "optimal_phase_rad": -0.6205613631967166,
  "time_load_model": 0.1102604866027832,
  "time_solver": 0.007123231887817383,
  "time_predict_grid": 0.15730500221252441,
  "time_compute_metrics": 0.0026082992553710938,
  "time/plots": 3.859757661819458
}