{
  "run_id": "4b17de89f14744788c280369d8bb3e13",
  "experiment": "schrodinger_grid_search",
  "timestamp": "2025-11-09T00:02:38.799178",
  "parameters": {
    "epochs": 1000,
    "learning_rate": 0.0001,
    "batch_size": 512,
    "hidden_layers": 5,
    "hidden_neurons": 100,
    "activation": "tanh",
    "weight_initial": 1,
    "weight_boundary": 10,
    "weight_residual": 10,
    "seed": 42
  },
  "final_metrics": {
    "train_loss": 0.04719545356929302,
    "train_l2_error": 0.9093961715698242,
    "eval_l2_error": 0.8711643815040588
  }
}