{
  "relative_l2_error": 0.9528578049801132,
  "max_abs_error": 4.137404852378479,
  "mean_abs_error": 0.572983241128678,
  "std_abs_error": 0.6308522961353794,
  "max_relative_error": 8.449222645272389,
  "mean_relative_error": 1.8404655132116294,
  "max_error_time": 1.5708,
  "pred_norm": 39.16424503696219,
  "true_norm": 143.10185029458557
}