{
  "layer_1": 0.9424999952316284,
  "layer_2": 0.676800012588501,
  "layer_3": 0.5352999567985535,
  "layer_4": 0.5196999907493591,
  "layer_5": 0.5011999607086182
}