{
  "relative_l2_error": 0.014101970445409437,
  "max_abs_error": 0.03780061501206329,
  "mean_abs_error": 0.010585620219062807,
  "std_abs_error": 0.0068573062254884,
  "max_relative_error": 1.214066140442139,
  "mean_relative_error": 0.11347636268784679,
  "max_error_time": 1.5708,
  "pred_norm": 143.00714150662074,
  "true_norm": 143.1018502945854,
  "optimal_phase_rad": 0.0021431020086753213,
  "time_load_model": 0.11609244346618652,
  "time_solver": 0.007146596908569336,
  "time_predict_grid": 0.15923714637756348,
  "time_compute_metrics": 0.002521514892578125,
  "time/plots": 3.8376264572143555
}