{
  "run_id": "d5000014883b4f69ad7f495febf1a303",
  "experiment": "schrodinger_grid_search",
  "timestamp": "2025-10-29T21:09:58.889780",
  "parameters": {
    "epochs": 500,
    "learning_rate": 0.0001,
    "batch_size": 1024,
    "hidden_layers": 5,
    "hidden_neurons": 100,
    "activation": "tanh",
    "weight_initial": 5,
    "weight_boundary": 1,
    "weight_residual": 5,
    "seed": 42
  },
  "final_metrics": {
    "train_loss": 0.16376054137945176,
    "train_l2_error": 1.0548274517059326,
    "eval_l2_error": 1.0459685325622559
  }
}