{
  "layer_1": 0.9837999939918518,
  "layer_2": 0.9165999889373779,
  "layer_3": 0.8991999626159668,
  "layer_4": 0.8047999739646912,
  "layer_5": 0.7071999907493591
}