{
  "layer_1": 0.9855499863624573,
  "layer_2": 0.9754999876022339,
  "layer_3": 0.9843499660491943,
  "layer_4": 0.9777500033378601,
  "layer_5": 0.7779499888420105
}