{
  "run_id": "39cc921d56a341908eec77d18c299c6d",
  "experiment": "schrodinger_grid_search",
  "timestamp": "2025-10-29T20:59:59.256620",
  "parameters": {
    "epochs": 500,
    "learning_rate": 0.001,
    "batch_size": 1024,
    "hidden_layers": 5,
    "hidden_neurons": 100,
    "activation": "tanh",
    "weight_initial": 5,
    "weight_boundary": 1,
    "weight_residual": 5,
    "seed": 42
  },
  "final_metrics": {
    "train_loss": 0.045525120384991166,
    "train_l2_error": 0.474530965089798,
    "eval_l2_error": 0.466910719871521
  }
}