{
  "run_id": "33b0016625e04bf996516d1dbe347504",
  "experiment": "schrodinger_grid_search",
  "timestamp": "2025-10-29T22:08:15.325193",
  "parameters": {
    "epochs": 500,
    "learning_rate": 1e-05,
    "batch_size": 512,
    "hidden_layers": 5,
    "hidden_neurons": 100,
    "activation": "tanh",
    "weight_initial": 5,
    "weight_boundary": 1,
    "weight_residual": 5,
    "seed": 42
  },
  "final_metrics": {
    "train_loss": 0.3186911799013615,
    "train_l2_error": 1.0619157552719116,
    "eval_l2_error": 1.079133152961731
  }
}