{
  "run_id": "54f0d832db5441f695971f7144eda157",
  "experiment": "schrodinger_grid_search",
  "timestamp": "2025-11-09T17:08:39.427764",
  "parameters": {
    "epochs": 1000,
    "learning_rate": 0.0001,
    "batch_size": 512,
    "hidden_layers": 5,
    "hidden_neurons": 100,
    "activation": "tanh",
    "weight_initial": 10,
    "weight_boundary": 1,
    "weight_residual": 10,
    "seed": 42
  },
  "final_metrics": {
    "train_loss": 0.05278194332495332,
    "train_l2_error": 0.39992931485176086,
    "eval_l2_error": 0.3830527067184448
  }
}